gene	n_callable	n_defined	prop_called	callable	defined
CYP2A13	4	9	0.444444444444444	CYP2A13*2,CYP2A13*6,CYP2A13*7,CYP2A13*8	CYP2A13*10,CYP2A13*2,CYP2A13*3,CYP2A13*4,CYP2A13*5,CYP2A13*6,CYP2A13*7,CYP2A13*8,CYP2A13*9
CYP2A6	15	42	0.357142857142857	CYP2A6*11,CYP2A6*13,CYP2A6*14,CYP2A6*15,CYP2A6*16,CYP2A6*17,CYP2A6*18,CYP2A6*2,CYP2A6*21,CYP2A6*23,CYP2A6*25,CYP2A6*26,CYP2A6*31,CYP2A6*6,CYP2A6*9	CYP2A6*10,CYP2A6*11,CYP2A6*13,CYP2A6*14,CYP2A6*15,CYP2A6*16,CYP2A6*17,CYP2A6*18,CYP2A6*19,CYP2A6*2,CYP2A6*20,CYP2A6*21,CYP2A6*22,CYP2A6*23,CYP2A6*24,CYP2A6*25,CYP2A6*26,CYP2A6*27,CYP2A6*28,CYP2A6*31,CYP2A6*35,CYP2A6*36,CYP2A6*37,CYP2A6*38,CYP2A6*39,CYP2A6*40,CYP2A6*41,CYP2A6*42,CYP2A6*43,CYP2A6*44,CYP2A6*45,CYP2A6*46,CYP2A6*48,CYP2A6*49,CYP2A6*5,CYP2A6*50,CYP2A6*51,CYP2A6*52,CYP2A6*6,CYP2A6*7,CYP2A6*8,CYP2A6*9
CYP2B6	16	34	0.470588235294118	CYP2B6*10,CYP2B6*11,CYP2B6*12,CYP2B6*14,CYP2B6*15,CYP2B6*18,CYP2B6*2,CYP2B6*22,CYP2B6*23,CYP2B6*27,CYP2B6*3,CYP2B6*33,CYP2B6*35,CYP2B6*5,CYP2B6*8,CYP2B6*9	CYP2B6*10,CYP2B6*11,CYP2B6*12,CYP2B6*13,CYP2B6*14,CYP2B6*15,CYP2B6*17,CYP2B6*18,CYP2B6*19,CYP2B6*2,CYP2B6*20,CYP2B6*21,CYP2B6*22,CYP2B6*23,CYP2B6*24,CYP2B6*25,CYP2B6*26,CYP2B6*27,CYP2B6*28,CYP2B6*3,CYP2B6*31,CYP2B6*32,CYP2B6*33,CYP2B6*34,CYP2B6*35,CYP2B6*36,CYP2B6*37,CYP2B6*38,CYP2B6*4,CYP2B6*5,CYP2B6*6,CYP2B6*7,CYP2B6*8,CYP2B6*9
CYP2C19	15	33	0.454545454545455	CYP2C19*1,CYP2C19*10,CYP2C19*11,CYP2C19*13,CYP2C19*15,CYP2C19*17,CYP2C19*2,CYP2C19*22,CYP2C19*3,CYP2C19*34,CYP2C19*35,CYP2C19*39,CYP2C19*4,CYP2C19*8,CYP2C19*9	CYP2C19*1,CYP2C19*10,CYP2C19*11,CYP2C19*12,CYP2C19*13,CYP2C19*14,CYP2C19*15,CYP2C19*16,CYP2C19*17,CYP2C19*18,CYP2C19*19,CYP2C19*2,CYP2C19*22,CYP2C19*23,CYP2C19*24,CYP2C19*25,CYP2C19*26,CYP2C19*28,CYP2C19*29,CYP2C19*3,CYP2C19*30,CYP2C19*31,CYP2C19*32,CYP2C19*33,CYP2C19*34,CYP2C19*35,CYP2C19*39,CYP2C19*4,CYP2C19*5,CYP2C19*6,CYP2C19*7,CYP2C19*8,CYP2C19*9
CYP2C8	10	17	0.588235294117647	CYP2C8*11,CYP2C8*14,CYP2C8*15,CYP2C8*16,CYP2C8*17,CYP2C8*18,CYP2C8*2,CYP2C8*3,CYP2C8*4,CYP2C8*6	CYP2C8*10,CYP2C8*11,CYP2C8*12,CYP2C8*13,CYP2C8*14,CYP2C8*15,CYP2C8*16,CYP2C8*17,CYP2C8*18,CYP2C8*2,CYP2C8*3,CYP2C8*4,CYP2C8*5,CYP2C8*6,CYP2C8*7,CYP2C8*8,CYP2C8*9
CYP2C9	18	84	0.214285714285714	CYP2C9*11,CYP2C9*12,CYP2C9*13,CYP2C9*14,CYP2C9*2,CYP2C9*26,CYP2C9*27,CYP2C9*29,CYP2C9*3,CYP2C9*31,CYP2C9*35,CYP2C9*42,CYP2C9*44,CYP2C9*5,CYP2C9*61,CYP2C9*66,CYP2C9*8,CYP2C9*9	CYP2C9*10,CYP2C9*11,CYP2C9*12,CYP2C9*13,CYP2C9*14,CYP2C9*15,CYP2C9*16,CYP2C9*17,CYP2C9*18,CYP2C9*19,CYP2C9*2,CYP2C9*20,CYP2C9*21,CYP2C9*22,CYP2C9*23,CYP2C9*24,CYP2C9*25,CYP2C9*26,CYP2C9*27,CYP2C9*28,CYP2C9*29,CYP2C9*3,CYP2C9*30,CYP2C9*31,CYP2C9*32,CYP2C9*33,CYP2C9*34,CYP2C9*35,CYP2C9*36,CYP2C9*37,CYP2C9*38,CYP2C9*39,CYP2C9*4,CYP2C9*40,CYP2C9*41,CYP2C9*42,CYP2C9*43,CYP2C9*44,CYP2C9*45,CYP2C9*46,CYP2C9*47,CYP2C9*48,CYP2C9*49,CYP2C9*5,CYP2C9*50,CYP2C9*51,CYP2C9*52,CYP2C9*53,CYP2C9*54,CYP2C9*55,CYP2C9*56,CYP2C9*57,CYP2C9*58,CYP2C9*59,CYP2C9*6,CYP2C9*60,CYP2C9*61,CYP2C9*62,CYP2C9*63,CYP2C9*64,CYP2C9*65,CYP2C9*66,CYP2C9*67,CYP2C9*68,CYP2C9*69,CYP2C9*7,CYP2C9*70,CYP2C9*71,CYP2C9*72,CYP2C9*73,CYP2C9*74,CYP2C9*75,CYP2C9*76,CYP2C9*77,CYP2C9*78,CYP2C9*79,CYP2C9*8,CYP2C9*80,CYP2C9*81,CYP2C9*82,CYP2C9*83,CYP2C9*84,CYP2C9*85,CYP2C9*9
CYP3A4	20	34	0.588235294117647	CYP3A4*10,CYP3A4*11,CYP3A4*12,CYP3A4*15,CYP3A4*16,CYP3A4*18,CYP3A4*19,CYP3A4*2,CYP3A4*22,CYP3A4*23,CYP3A4*24,CYP3A4*28,CYP3A4*3,CYP3A4*35,CYP3A4*36,CYP3A4*37,CYP3A4*4,CYP3A4*5,CYP3A4*7,CYP3A4*9	CYP3A4*10,CYP3A4*11,CYP3A4*12,CYP3A4*13,CYP3A4*14,CYP3A4*15,CYP3A4*16,CYP3A4*17,CYP3A4*18,CYP3A4*19,CYP3A4*2,CYP3A4*20,CYP3A4*21,CYP3A4*22,CYP3A4*23,CYP3A4*24,CYP3A4*26,CYP3A4*28,CYP3A4*29,CYP3A4*3,CYP3A4*30,CYP3A4*31,CYP3A4*32,CYP3A4*33,CYP3A4*34,CYP3A4*35,CYP3A4*36,CYP3A4*37,CYP3A4*4,CYP3A4*5,CYP3A4*6,CYP3A4*7,CYP3A4*8,CYP3A4*9
CYP3A5	3	5	0.6	CYP3A5*3,CYP3A5*6,CYP3A5*7	CYP3A5*3,CYP3A5*6,CYP3A5*7,CYP3A5*8,CYP3A5*9
CYP4F2	2	2	1	CYP4F2*2,CYP4F2*3	CYP4F2*2,CYP4F2*3
DPYD	33	407	0.0810810810810811	rs115232898,rs116364703,rs139459586,rs142619737,rs145529148,rs145548112,rs146356975,rs17376848,rs1801158,rs1801159,rs1801160,rs1801265,rs183105782,rs190577302,rs190951787,rs199634007,rs199777072,rs200562975,rs201785202,rs202144771,rs2297595,rs3918290,rs45589337,rs527580106,rs532341730,rs558354142,rs575763449,rs57918000,rs60511679,rs61622928,rs6670886,rs67376798,rs75017182,-rs56038477	rs111858276,rs115232898,rs116364703,rs1180771326,rs137878450,rs137999090,rs138391898,rs138545885,rs138616379,rs139459586,rs139834141,rs140039091,rs140114515,rs140602333,rs140989814,rs141044036,rs141439344,rs141462178,rs141726921,rs142512579,rs142619737,rs143154602,rs143986398,rs144935781,rs145112791,rs145529148,rs145548112,rs145773863,rs146356975,rs146529561,rs147545709,rs147601618,rs148799944,rs148994843,rs150036960,rs150437414,rs151074666,rs17376848,rs1801158,rs1801159,rs1801160,rs1801265,rs1801266,rs1801267,rs1801268,rs183105782,rs183385770,rs186169810,rs187713395,rs188052243,rs190577302,rs190951787,rs199549923,rs199634007,rs199646142,rs199777072,rs200064537,rs200296941,rs200562975,rs200643089,rs200693895,rs200709381,rs201018345,rs201035051,rs201268750,rs201433243,rs201648613,rs201785202,rs202144771,rs202212118,rs2297595,rs267598785,rs267598786,rs267598789,rs367619008,rs368146607,rs368152149,rs368327291,rs368519011,rs368970772,rs369103276,rs369575517,rs370615432,rs370707404,rs371258350,rs371313778,rs372058915,rs372307932,rs372909322,rs374527058,rs374531732,rs374827081,rs375436137,rs375990187,rs376128878,rs376273539,rs377143350,rs377169736,rs3918289,rs3918290,rs45589337,rs527580106,rs528152707,rs528430685,rs528768620,rs529019871,rs532341730,rs536577604,rs538336580,rs538703919,rs547099198,rs548783838,rs55674432,rs556933127,rs557220418,rs558354142,rs559427764,rs55971861,rs56005131,rs568169006,rs568367673,rs569661196,rs570122671,rs571114616,rs573299212,rs575763449,rs575853463,rs576409484,rs57918000,rs59086055,rs60139309,rs60511679,rs61622928,rs61757362,rs6670886,rs672601273,rs672601275,rs672601276,rs672601282,rs672601284,rs672601285,rs672601287,rs672601288,rs67376798,rs72547601,rs72547602,rs72549303,rs72549304,rs72549305,rs72549307,rs72549308,rs72549309,rs72549310,rs745512069,rs745704371,rs745833535,rs745911874,rs746115989,rs746329786,rs746777181,rs747132274,rs747161261,rs747627716,rs747633945,rs747858350,rs747872037,rs748214188,rs748266854,rs748320430,rs748620513,rs748639205,rs748853941,rs748958293,rs748974194,rs749157068,rs749269410,rs749354734,rs749586100,rs749699298,rs749982106,rs750147471,rs75017182,-rs56038477,rs750224169,rs750423752,rs750687600,rs750721736,rs751049055,rs751104498,rs751113340,rs751190912,rs751340819,rs751374989,rs751399062,rs751848058,rs752020412,rs752228747,rs752388408,rs752518145,rs752985272,rs753166888,rs753217888,rs753296078,rs753419296,rs753527420,rs753707032,rs753710779,rs753820482,rs753950237,rs754028972,rs754467630,rs754786483,rs755155824,rs755407188,rs755416212,rs755428442,rs755645831,rs755692084,rs755729055,rs756020314,rs756372042,rs756613407,rs756684474,rs756890859,rs756992995,rs757155354,rs757227327,rs757342874,rs757376267,rs757695236,rs757954074,rs757958938,rs757994597,rs758154803,rs758489611,rs758514990,rs758649719,rs758699471,rs759082282,rs759249769,rs759424419,rs759479759,rs759562628,rs759766897,rs759967863,rs760038956,rs760222167,rs760235888,rs760485592,rs760553268,rs760570391,rs760663364,rs761302217,rs761351410,rs761479700,rs761555670,rs761609256,rs762083671,rs762102298,rs762198241,rs762430779,rs762446803,rs762468894,rs762523739,rs762533012,rs762598766,rs762779297,rs762858106,rs762911226,rs763008163,rs763061658,rs763449831,rs763506271,rs763557204,rs763572567,rs763623595,rs763784786,rs763862486,rs763893877,rs763984510,rs764111543,rs764270260,rs764555085,rs764635955,rs764666241,rs764679468,rs764945792,rs765001324,rs765034707,rs765075551,rs765131182,rs765247038,rs765309287,rs765465250,rs765640386,rs765990958,rs766411970,rs766438205,rs766635900,rs766700777,rs766761199,rs766833304,rs766885021,rs767200577,rs767376585,rs767437717,rs767464878,rs767468952,rs767482279,rs767547827,rs767818267,rs767836989,rs767986711,rs768117152,rs768157853,rs768200107,rs768288280,rs768501828,rs768507975,rs768680499,rs768915005,rs769190350,rs769306962,rs769514867,rs769696395,rs769709846,rs769820114,rs769847078,rs769932607,rs770229152,rs770566506,rs770958862,rs771194906,rs771534236,rs771536388,rs771573678,rs771646887,rs771648776,rs771885007,rs772097379,rs772264512,rs772320654,rs772358811,rs772544099,rs772826416,rs772906420,rs773159364,rs773407491,rs773584401,rs773652644,rs773868825,rs773983635,rs774134971,rs774500505,rs774799003,rs774883578,rs775494607,rs775526810,rs775570841,rs775601164,rs775926386,rs776082092,rs776236081,rs776289153,rs776321529,rs776662759,rs776973423,rs776984091,rs777238016,rs777347164,rs777368221,rs777425216,rs777560627,rs777673186,rs777902288,rs778022685,rs778054451,rs778141885,rs778298325,rs778601245,rs778754188,rs778760295,rs778776264,rs778867644,rs778911905,rs779465366,rs779557503,rs779573574,rs779728902,rs779925747,rs779967271,rs780025995,rs780047918,rs780120302,rs78060119,rs780813130,rs780873985,rs780885126,rs781184141,rs80081766,rs866110709,rs866869468,rs867143119,rs867226255,rs867232786,rs867600987,rs868047175,rs868235016
NUDT15	4	19	0.210526315789474	NUDT15*15,NUDT15*3,NUDT15*4,NUDT15*5	NUDT15*10,NUDT15*11,NUDT15*12,NUDT15*13,NUDT15*14,NUDT15*15,NUDT15*16,NUDT15*17,NUDT15*18,NUDT15*19,NUDT15*2,NUDT15*20,NUDT15*3,NUDT15*4,NUDT15*5,NUDT15*6,NUDT15*7,NUDT15*8,NUDT15*9
SLCO1B1	26	41	0.634146341463415	SLCO1B1*14,SLCO1B1*15,SLCO1B1*16,SLCO1B1*19,SLCO1B1*20,SLCO1B1*24,SLCO1B1*25,SLCO1B1*27,SLCO1B1*28,SLCO1B1*29,SLCO1B1*30,SLCO1B1*31,SLCO1B1*32,SLCO1B1*37,SLCO1B1*38,SLCO1B1*39,SLCO1B1*4,SLCO1B1*40,SLCO1B1*41,SLCO1B1*43,SLCO1B1*44,SLCO1B1*45,SLCO1B1*46,SLCO1B1*47,SLCO1B1*5,SLCO1B1*9	SLCO1B1*10,SLCO1B1*11,SLCO1B1*12,SLCO1B1*13,SLCO1B1*14,SLCO1B1*15,SLCO1B1*16,SLCO1B1*19,SLCO1B1*2,SLCO1B1*20,SLCO1B1*23,SLCO1B1*24,SLCO1B1*25,SLCO1B1*26,SLCO1B1*27,SLCO1B1*28,SLCO1B1*29,SLCO1B1*3,SLCO1B1*30,SLCO1B1*31,SLCO1B1*32,SLCO1B1*33,SLCO1B1*34,SLCO1B1*36,SLCO1B1*37,SLCO1B1*38,SLCO1B1*39,SLCO1B1*4,SLCO1B1*40,SLCO1B1*41,SLCO1B1*42,SLCO1B1*43,SLCO1B1*44,SLCO1B1*45,SLCO1B1*46,SLCO1B1*47,SLCO1B1*5,SLCO1B1*6,SLCO1B1*7,SLCO1B1*8,SLCO1B1*9
